user_id,age,gender,nationality
John Smith,35.0,Male,American
Jane Doe,28.0,Female,Canadian
David Lee,45.0,Male,Korean
Sarah Johnson,29.0,Female,British
Kim Nguyen,26.0,Female,Vietnamese
Michael Brown,42.0,Male,American
Emily Davis,33.0,Female,Australian
Lucas Santos,25.0,Male,Brazilian
Laura Janssen,31.0,Female,Dutch
Mohammed Ali,39.0,Male,Emirati
Ana Hernandez,27.0,Female,Mexican
Carlos Garcia,36.0,Male,Spanish
Lily Wong,29.0,Female,Chinese
Hans Mueller,48.0,Male,German
Fatima Khouri,26.0,Female,Moroccan
James MacKenzie,32.0,Male,Scottish
Sarah Johnson,30.0,Female,American
Michael Chang,28.0,Male,Chinese
Olivia Rodriguez,35.0,Female,British
Kenji Nakamura,45.0,Male,Japanese
Emily Lee,27.0,Female,American
James Wilson,32.0,Male,Australian
Sofia Russo,29.0,Female,Italian
Raj Patel,40.0,Male,Indian
Lily Nguyen,24.0,Female,Vietnamese
David Kim,34.0,Male,Korean
Maria Garcia,31.0,Female,Spanish
Alice Smith,30.0,Female,American
Bob Johnson,45.0,Male,Canadian
Charlie Lee,25.0,Male,Korean
Emma Davis,28.0,Female,British
Olivia Martin,33.0,Female,Australian
Harry Wilson,20.0,Male,American
Sophia Lee,37.0,Female,Canadian
James Brown,42.0,Male,British
Mia Johnson,31.0,Female,American
William Davis,27.0,Male,Korean
Amelia Brown,38.0,Female,Australian
Mia Johnson,25.0,Female,American
Adam Lee,33.0,Male,Canadian
Sarah Wong,28.0,Female,Chinese
John Smith,45.0,Male,American
Maria Silva,30.0,Female,Brazilian
Peter Brown,55.0,Male,British
Emma Garcia,27.0,Female,Spanish
Michael Davis,41.0,Male,American
Nina Patel,29.0,Female,Indian
Kevin Kim,24.0,Male,Korean
Laura van den Berg,31.0,Female,Dutch
Jennifer Nguyen,31.0,Female,Canadian
David Kim,25.0,Male,American
Rachel Lee,27.0,Female,South Korean
Jessica Wong,28.0,Female,Canadian
Felipe Almeida,30.0,Male,Brazilian
Nisa Patel,23.0,Female,Indian
Ben Smith,35.0,Male,British
Laura Gomez,29.0,Female,Spanish
Park Min Woo,27.0,Male,South Korean
Michael Chen,26.0,Male,Chinese
Sofia Rossi,33.0,Female,Italian
Rachel Sanders,35.0,Female,American
Kenji Nakamura,28.0,Male,Japanese
Emily Watson,29.0,Female,British
David Lee,43.0,Male,Australian
Ana Rodriguez,31.0,Female,Spanish
Tom Wilson,27.0,Male,American
Olivia Green,39.0,Female,French
James Chen,25.0,Male,American
Lila Patel,33.0,Female,Indian
Marco Rossi,41.0,Male,Italian
Sarah Brown,37.0,Female,British
,,,
Sarah Lee,35.0,Female,South Korean
Alex Kim,29.0,Male,American
Maria Hernandez,42.0,Female,Mexican
John Smith,46.0,Male,British
Mark Johnson,31.0,Male,South African
Amanda Chen,25.0,Female,Taiwanese
David Lee,38.0,Male,Australian
Nana Kwon,27.0,Female,Korean
Tom Hanks,60.0,Male,American
Emma Watson,32.0,Female,British
James Kim,41.0,Male,American
Sarah Lee,28.0,Female,Korean
Maria Garcia,42.0,Female,Spanish
David Lee,45.0,Male,Australian
Emily Davis,31.0,Female,American
James Wilson,29.0,Male,British
Fatima Ahmed,24.0,Female,Emirati
Liam Nguyen,26.0,Male,Vietnamese
Giulia Rossi,30.0,Female,Italian
Putra Wijaya,33.0,Male,Indonesian
Kim Min-ji,27.0,Female,Korean
John Smith,35.0,Male,USA
Emily Johnson,28.0,Female,Canada
David Lee,45.0,Male,South Korea
Sarah Brown,37.0,Female,UK
Michael Wong,50.0,Male,China
Jessica Chen,31.0,Female,Taiwan
Ken Tanaka,42.0,Male,Japan
Maria Garcia,27.0,Female,Spain
Rodrigo Oliveira,33.0,Male,Brazil
Olivia Kim,29.0,Female,South Korea
Robert Mueller,41.0,Male,Germany
Sarah Lee,28.0,Female,South Korea
Michael Wong,42.0,Male,Hong Kong
Lisa Chen,30.0,Female,Taiwan
David Kim,26.0,Male,Canada
Emily Wong,38.0,Female,United Kingdom
Mark Tan,45.0,Male,Singapore
Emma Lee,31.0,Female,Italy
George Chen,27.0,Male,Greece
Sophia Kim,29.0,Female,United Arab Emirates
Alex Ng,33.0,Male,Cambodia
Alice Smith,32.0,Female,American
Bob Johnson,47.0,Male,Canadian
Cindy Chen,26.0,Female,Chinese
David Lee,38.0,Male,Korean
Emily Kim,29.0,Female,Korean
Frank Li,41.0,Male,American
Gina Lee,35.0,Female,Korean
Henry Kim,24.0,Male,Korean
Isabella Chen,30.0,Female,Chinese
Jack Smith,28.0,Male,American
Katie Johnson,33.0,Female,Canadian
John Doe,35.0,Male,American
Jane Smith,28.0,Female,British
Michael Johnson,45.0,Male,South African
Sarah Lee,31.0,Female,Australian
David Kim,42.0,Male,Korean
Emily Davis,27.0,Female,American
Jose Perez,37.0,Male,Brazilian
Emma Wilson,29.0,Female,Canadian
Ryan Chen,34.0,Male,Chinese
Sofia Rodriguez,25.0,Female,Spanish
William Brown,39.0,Male,New Zealander
